date,requete,total,recuperees,nouvelles
2026-09-29,chef de rayon,2363,250,0
2026-09-29,chef de secteur,2858,250,1
2026-09-29,directeur de magasin,2052,250,0
2026-09-29,responsable de boutique,516,250,0
2026-09-29,responsable de département,1024,250,0
2026-09-29,responsable de magasin,2796,250,1
2026-09-29,store manager,303,250,0
2026-09-30,chef de rayon,2571,250,1
2026-09-30,chef de secteur,3039,250,101
2026-09-30,directeur de magasin,2219,250,9
2026-09-30,responsable de boutique,548,250,0
2026-09-30,responsable de département,1066,250,2
2026-09-30,responsable de magasin,2999,250,12
2026-09-30,store manager,325,250,0
