date,rome,offres,nouvelles,appels
2026-09-30,D1301,3,3,1
2026-09-30,D1302,11,11,1
2026-09-30,D1305,2,2,1
2026-09-30,D1417,2,2,1
2026-09-30,D1502,56,56,1
2026-09-30,D1503,7,7,1
2026-09-30,D1504,4,4,1
2026-09-30,D1506,2,2,1
2026-09-30,D1508,2,2,1
2026-09-30,D1509,0,0,1
2026-09-30,D1510,6,6,1
2026-09-30,D1512,0,0,1
2026-09-30,D1513,0,0,1
2026-09-30,D1516,0,0,1
2026-09-30,D1517,0,0,1
2026-09-30,E1113,5,5,1
2026-09-30,K1816,0,0,1
2026-09-30,M1720,0,0,1
2026-10-01,D1301,3,0,1
2026-10-01,D1302,11,0,1
2026-10-01,D1305,2,0,1
2026-10-01,D1417,2,0,1
2026-10-01,D1502,56,0,1
2026-10-01,D1503,8,1,1
2026-10-01,D1504,4,0,1
2026-10-01,D1506,2,0,1
2026-10-01,D1508,2,0,1
2026-10-01,D1509,0,0,1
2026-10-01,D1510,9,3,1
2026-10-01,D1512,0,0,1
2026-10-01,D1513,0,0,1
2026-10-01,D1516,0,0,1
2026-10-01,D1517,0,0,1
2026-10-01,E1113,5,0,1
2026-10-01,K1816,0,0,1
2026-10-01,M1720,0,0,1
2026-10-02,D1301,4,0,1
2026-10-02,D1302,11,0,1
2026-10-02,D1305,2,0,1
2026-10-02,D1417,2,0,1
2026-10-02,D1502,52,0,1
2026-10-02,D1503,6,0,1
2026-10-02,D1504,4,0,1
2026-10-02,D1506,2,0,1
2026-10-02,D1508,1,0,1
2026-10-02,D1509,0,0,1
2026-10-02,D1510,10,1,1
2026-10-02,D1512,0,0,1
2026-10-02,D1513,0,0,1
2026-10-02,D1516,0,0,1
2026-10-02,D1517,0,0,1
2026-10-02,E1113,5,0,1
2026-10-02,K1816,0,0,1
2026-10-02,M1720,0,0,1
2026-10-03,D1301,3,0,1
2026-10-03,D1302,11,0,1
2026-10-03,D1305,2,0,1
2026-10-03,D1417,2,0,1
2026-10-03,D1502,50,0,1
2026-10-03,D1503,6,0,1
2026-10-03,D1504,4,0,1
2026-10-03,D1506,2,0,1
2026-10-03,D1508,1,0,1
2026-10-03,D1509,0,0,1
2026-10-03,D1510,10,1,1
2026-10-03,D1512,0,0,1
2026-10-03,D1513,0,0,1
2026-10-03,D1516,0,0,1
2026-10-03,D1517,0,0,1
2026-10-03,E1113,5,0,1
2026-10-03,K1816,0,0,1
2026-10-03,M1720,0,0,1
2026-10-04,D1301,2,0,1
2026-10-04,D1302,11,0,1
2026-10-04,D1305,2,0,1
2026-10-04,D1417,2,0,1
2026-10-04,D1502,53,3,1
2026-10-04,D1503,7,1,1
2026-10-04,D1504,4,0,1
2026-10-04,D1506,2,0,1
2026-10-04,D1508,1,0,1
2026-10-04,D1509,0,0,1
2026-10-04,D1510,10,0,1
2026-10-04,D1512,0,0,1
2026-10-04,D1513,0,0,1
2026-10-04,D1516,0,0,1
2026-10-04,D1517,0,0,1
2026-10-04,E1113,3,0,1
2026-10-04,K1816,0,0,1
2026-10-04,M1720,0,0,1
2026-10-05,D1301,2,0,1
2026-10-05,D1302,11,0,1
2026-10-05,D1305,2,0,1
2026-10-05,D1417,2,0,1
2026-10-05,D1502,55,0,1
2026-10-05,D1503,8,0,1
2026-10-05,D1504,4,0,1
2026-10-05,D1506,2,0,1
2026-10-05,D1508,1,0,1
2026-10-05,D1509,0,0,1
2026-10-05,D1510,11,0,1
2026-10-05,D1512,0,0,1
2026-10-05,D1513,0,0,1
2026-10-05,D1516,0,0,1
2026-10-05,D1517,0,0,1
2026-10-05,E1113,2,0,1
2026-10-05,K1816,0,0,1
2026-10-05,M1720,0,0,1
