date,rome,total,recuperees,nouvelles,modifiees
2026-09-24,D1301,37,37,37,0
2026-09-24,D1302,1779,1150,1150,0
2026-09-24,D1305,18,18,18,0
2026-09-24,D1417,163,163,163,0
2026-09-24,D1502,1633,1150,1150,0
2026-09-24,D1503,512,512,512,0
2026-09-24,D1504,734,734,734,0
2026-09-24,D1506,136,136,136,0
2026-09-24,D1508,534,534,534,0
2026-09-24,D1509,663,663,663,0
2026-09-24,D1510,224,224,224,0
2026-09-24,D1512,5,5,5,0
2026-09-24,D1513,240,240,240,0
2026-09-24,D1516,18,18,18,0
2026-09-24,D1517,203,203,203,0
2026-09-24,E1113,285,285,285,0
2026-09-24,K1816,32,32,32,0
2026-09-24,M1720,5,5,5,0
2026-09-25,D1301,39,39,2,0
2026-09-25,D1302,1730,1150,35,15
2026-09-25,D1305,18,18,0,0
2026-09-25,D1417,161,161,1,5
2026-09-25,D1502,1602,1150,45,15
2026-09-25,D1503,506,506,7,13
2026-09-25,D1504,725,725,10,10
2026-09-25,D1506,131,131,0,3
2026-09-25,D1508,529,529,3,3
2026-09-25,D1509,648,648,1,0
2026-09-25,D1510,219,219,2,0
2026-09-25,D1512,5,5,1,0
2026-09-25,D1513,237,237,6,5
2026-09-25,D1516,18,18,0,0
2026-09-25,D1517,198,198,4,0
2026-09-25,E1113,292,292,12,7
2026-09-25,K1816,32,32,0,1
2026-09-25,M1720,5,5,0,0
2026-09-26,D1301,36,36,1,0
2026-09-26,D1302,1746,1150,125,48
2026-09-26,D1305,19,19,1,0
2026-09-26,D1417,158,158,6,5
2026-09-26,D1502,1633,1150,94,23
2026-09-26,D1503,516,516,19,7
2026-09-26,D1504,730,730,44,19
2026-09-26,D1506,129,129,7,5
2026-09-26,D1508,516,516,19,16
2026-09-26,D1509,646,646,29,6
2026-09-26,D1510,237,237,23,3
2026-09-26,D1512,6,6,1,0
2026-09-26,D1513,257,257,25,4
2026-09-26,D1516,21,21,3,1
2026-09-26,D1517,198,198,12,0
2026-09-26,E1113,292,292,19,18
2026-09-26,K1816,30,30,1,0
2026-09-26,M1720,5,5,0,0
2026-09-27,D1301,36,36,1,0
2026-09-27,D1302,1738,1150,37,4
2026-09-27,D1305,17,17,0,0
2026-09-27,D1417,160,160,6,2
2026-09-27,D1502,1627,1150,32,17
2026-09-27,D1503,520,520,8,13
2026-09-27,D1504,725,725,9,6
2026-09-27,D1506,127,127,0,1
2026-09-27,D1508,515,515,5,7
2026-09-27,D1509,642,642,11,9
2026-09-27,D1510,237,237,1,1
2026-09-27,D1512,5,5,0,0
2026-09-27,D1513,253,253,7,7
2026-09-27,D1516,22,22,1,0
2026-09-27,D1517,196,196,4,1
2026-09-27,E1113,293,293,3,2
2026-09-27,K1816,26,26,2,1
2026-09-27,M1720,5,5,0,0
2026-09-28,D1301,36,36,0,0
2026-09-28,D1302,1716,1150,14,7
2026-09-28,D1305,17,17,0,0
2026-09-28,D1417,160,160,0,3
2026-09-28,D1502,1608,1150,11,16
2026-09-28,D1503,517,517,2,12
2026-09-28,D1504,724,724,6,6
2026-09-28,D1506,127,127,1,6
2026-09-28,D1508,514,514,4,5
2026-09-28,D1509,638,638,6,3
2026-09-28,D1510,236,236,1,0
2026-09-28,D1512,5,5,0,0
2026-09-28,D1513,253,253,1,8
2026-09-28,D1516,20,20,0,0
2026-09-28,D1517,196,196,4,10
2026-09-28,E1113,293,293,3,2
2026-09-28,K1816,26,26,0,0
2026-09-28,M1720,5,5,0,0
2026-09-29,D1301,38,38,0,0
2026-09-29,D1302,1730,1150,3,5
2026-09-29,D1305,17,17,0,0
2026-09-29,D1417,165,165,0,0
2026-09-29,D1502,1657,1150,2,0
2026-09-29,D1503,514,514,1,0
2026-09-29,D1504,728,728,1,0
2026-09-29,D1506,135,135,1,1
2026-09-29,D1508,515,515,0,4
2026-09-29,D1509,668,668,0,0
2026-09-29,D1510,242,242,1,2
2026-09-29,D1512,4,4,0,0
2026-09-29,D1513,253,253,1,1
2026-09-29,D1516,19,19,0,0
2026-09-29,D1517,193,193,0,0
2026-09-29,E1113,301,301,0,0
2026-09-29,K1816,26,26,0,1
2026-09-29,M1720,6,6,0,0
2026-09-30,D1301,39,39,0,0
2026-09-30,D1302,1723,1150,8,2
2026-09-30,D1305,17,17,0,0
2026-09-30,D1417,165,165,0,0
2026-09-30,D1502,1645,1150,10,5
2026-09-30,D1503,509,509,2,3
2026-09-30,D1504,737,737,3,1
2026-09-30,D1506,139,139,0,0
2026-09-30,D1508,515,515,2,1
2026-09-30,D1509,671,671,7,4
2026-09-30,D1510,205,205,0,0
2026-09-30,D1512,4,4,0,0
2026-09-30,D1513,255,255,0,0
2026-09-30,D1516,19,19,0,0
2026-09-30,D1517,191,191,0,0
2026-09-30,E1113,304,304,1,1
2026-09-30,K1816,27,27,0,0
2026-09-30,M1720,6,6,0,0
2026-10-01,D1301,38,38,0,0
2026-10-01,D1302,1709,1150,84,40
2026-10-01,D1305,17,17,1,0
2026-10-01,D1417,155,155,4,2
2026-10-01,D1502,1605,1150,40,16
2026-10-01,D1503,508,508,15,8
2026-10-01,D1504,720,720,15,10
2026-10-01,D1506,139,139,7,2
2026-10-01,D1508,520,520,18,2
2026-10-01,D1509,661,661,5,19
2026-10-01,D1510,208,208,5,1
2026-10-01,D1512,5,5,1,0
2026-10-01,D1513,252,252,14,4
2026-10-01,D1516,18,18,0,1
2026-10-01,D1517,191,191,8,5
2026-10-01,E1113,306,306,7,1
2026-10-01,K1816,25,25,1,2
2026-10-01,M1720,6,6,0,0
2026-10-02,D1301,41,41,3,0
2026-10-02,D1302,1709,1150,92,33
2026-10-02,D1305,17,17,0,0
2026-10-02,D1417,154,154,8,0
2026-10-02,D1502,1609,1150,49,42
2026-10-02,D1503,507,507,27,11
2026-10-02,D1504,715,715,22,14
2026-10-02,D1506,140,140,5,4
2026-10-02,D1508,513,513,11,8
2026-10-02,D1509,654,654,13,8
2026-10-02,D1510,207,207,6,1
2026-10-02,D1512,4,4,0,0
2026-10-02,D1513,259,259,15,7
2026-10-02,D1516,19,19,0,2
2026-10-02,D1517,193,193,11,9
2026-10-02,E1113,265,265,15,3
2026-10-02,K1816,29,29,4,2
2026-10-02,M1720,6,6,0,0
