url,lastmod
https://www.welcometothejungle.com/fr/companies/auchan/jobs/manager-de-rayons-f-h_la-seyne-sur-mer,2026-09-23T09:08:12
https://www.welcometothejungle.com/fr/companies/calzedonia/jobs/responsable-de-magasin-intimissimi-h-f-cdi-35h-levallois-perret_nanterre_ONIVE_eDXrJWZ,2026-09-26T22:01:46
https://www.welcometothejungle.com/fr/companies/carrefour/jobs/manager-de-magasin-junior-supermarche-f-h_saint-pierre-les-nemours,2026-08-17T15:00:16
https://www.welcometothejungle.com/fr/companies/castorama-1/jobs/chef-de-secteur-commerce-f-h_dardilly_CF_DrK5Rwq,2026-09-25T20:00:15
https://www.welcometothejungle.com/fr/companies/groupement-les-mousquetaires/jobs/adjoint-directeur-de-magasin-h-f_lyon_GM_DmDGRYX,2026-09-24T22:20:16
https://www.welcometothejungle.com/fr/companies/groupement-les-mousquetaires/jobs/adjointe-responsable-caisse-h-f_chaville,2026-09-24T22:19:20
https://www.welcometothejungle.com/fr/companies/groupement-les-mousquetaires/jobs/agent-de-maitrise-responsable-secteur-sec-h-f_lauzerte,2026-09-24T22:15:08
https://www.welcometothejungle.com/fr/companies/groupement-les-mousquetaires/jobs/directeur-de-magasin-h-f_narbonne,2026-09-24T22:20:55
https://www.welcometothejungle.com/fr/companies/groupement-les-mousquetaires/jobs/manager-de-magasin-h-f_aiserey,2026-09-24T22:20:24
https://www.welcometothejungle.com/fr/companies/groupement-les-mousquetaires/jobs/manager-de-rayon-boulangerie-patisserie-h-f_salon-de-provence,2026-09-25T22:12:02
https://www.welcometothejungle.com/fr/companies/groupement-les-mousquetaires/jobs/manager-de-rayon-frais-epicerie-liquide-h-f_saint-priest,2026-09-24T22:17:15
https://www.welcometothejungle.com/fr/companies/groupement-les-mousquetaires/jobs/manager-de-rayon-h-f_lyon_GM_y4eyed6,2026-09-24T22:08:29
https://www.welcometothejungle.com/fr/companies/groupement-les-mousquetaires/jobs/manager-de-rayon-h-f_praz-sur-arly_GM_O0qQmNa,2026-09-24T22:14:03
https://www.welcometothejungle.com/fr/companies/groupement-les-mousquetaires/jobs/manager-de-rayon-h-f_saint-vallier,2026-09-24T22:16:55
https://www.welcometothejungle.com/fr/companies/groupement-les-mousquetaires/jobs/manager-de-rayon-poissonnerie-h-f_saint-bonnet-de-mure,2026-09-24T22:08:31
https://www.welcometothejungle.com/fr/companies/groupement-les-mousquetaires/jobs/manager-de-rayon-poissonnerie-h-f_villedieu-les-poeles-rouffigny,2026-09-24T22:16:12
https://www.welcometothejungle.com/fr/companies/groupement-les-mousquetaires/jobs/manager-de-rayon-traditionnel-h-f_othis,2026-09-28T22:10:47
https://www.welcometothejungle.com/fr/companies/groupement-les-mousquetaires/jobs/modele-intermarche-responsable-caisse-fichier-h-f_tonneins,2026-09-24T22:18:32
https://www.welcometothejungle.com/fr/companies/groupement-les-mousquetaires/jobs/responsable-adjoint-drive_pont-du-chateau,2026-09-28T22:12:58
https://www.welcometothejungle.com/fr/companies/groupement-les-mousquetaires/jobs/responsable-rayon-boulangerie-point-chaud-cdi-h-f_saint-mathieu-de-treviers,2026-09-30T22:09:22
https://www.welcometothejungle.com/fr/companies/groupement-les-mousquetaires/jobs/responsable-secteur-sec_avignon,2026-09-24T22:22:13
https://www.welcometothejungle.com/fr/companies/groupement-les-mousquetaires/jobs/seconde-du-responsable-caisse-h-f_toulon,2026-09-24T22:14:27
https://www.welcometothejungle.com/fr/companies/linking-talents/jobs/manager-de-rayon-epicerie-h-f_thoiry_LT_595g81R,2026-10-02T01:01:13
https://www.welcometothejungle.com/fr/companies/pandora-/jobs/responsable-de-boutique-h-f-la-defense_puteaux_PANDO_GZpwpK7,2026-09-02T16:20:15
https://www.welcometothejungle.com/fr/companies/sessun/jobs/responsable-de-boutique-39h-h-f-paris_paris_SESSN_Lygq35y,2026-09-16T11:57:59
https://www.welcometothejungle.com/fr/companies/sud-express/jobs/responsable-boutique-h-f_nantes,2026-09-28T08:28:32
https://www.welcometothejungle.com/fr/companies/sysco-france/jobs/chef-de-secteur-h-f_aubagne,2026-09-10T11:54:57
https://www.welcometothejungle.com/fr/companies/teract/jobs/responsable-magasin-f-h_alby-sur-cheran,2026-09-30T14:59:21
https://www.welcometothejungle.com/fr/companies/theseis/jobs/responsable-de-secteur-independant-en-gestion-de-patrimoine_chalon-sur-saone,2026-09-30T22:01:22
https://www.welcometothejungle.com/fr/companies/theseis/jobs/responsable-de-secteur-independant-en-gestion-de-patrimoine_cholet,2026-09-30T22:01:23
https://www.welcometothejungle.com/fr/companies/theseis/jobs/responsable-de-secteur-independant-en-gestion-de-patrimoine_cognac,2026-09-25T22:01:19
https://www.welcometothejungle.com/fr/companies/theseis/jobs/responsable-de-secteur-independant-en-gestion-de-patrimoine_strasbourg,2026-09-25T22:01:22
