id,rome
-1018502956773905440,D1302
-104407318857110870,D1504
-1053407509096468092,D1302
-1093849649293025761,D1302
-1098339771296626835,D1504
-1104757987992667833,D1302
-1117182196524574514,D1302
-1121421842182164321,D1504
-1136745432473918316,D1510
-1151004718954454514,D1302
-1186498792988634317,D1503
-1195773484610551410,D1503
-1214065506346646142,D1504
-1239643318689676524,D1510
-1244232646919895852,D1510
-1261012117528430534,D1302
-1273290408341070093,D1510
-1304208067216960600,D1503
-1359999738251594501,D1510
-1389724133010264421,D1503
-1429569112302320313,D1510
-1433846493048298372,D1510
-1450108075227704629,D1503
-1451798033059855704,D1504
-1459157005158999812,D1302
-1490951978232987485,D1510
-1581922545372238297,D1503
-160606628104666098,D1503
-163903219695604855,D1302
-1704229712854058078,D1510
-1726893531586277704,D1302
-1825222955357074805,D1510
-1847472824608630652,D1510
-1864436272993265220,D1302
-1903157748253771418,D1504
-1936638839136494411,D1503
-1974967544072193998,D1504
-2013808367455229014,D1302
-2056038172890856564,D1503
-2074635317279834129,D1302
-208095067896291507,D1302
-214951690076099351,D1504
-2163420101591456585,D1302
-2185074931972432072,D1302
-2221295442358316993,D1510
-222402287959574833,D1302
-2244659212094632206,D1510
-2261511365031428893,D1504
-2279975482454851501,D1510
-2289878785440677813,D1503
-2319395592364360858,D1302
-2343915885255403936,D1302
-2372048613466593215,D1510
-24205970531449610,D1302
-2478797716385774906,D1302
-2487504265189914423,D1503
-2496598236378254107,D1302
-2497027618910014195,D1504
-2508660261959629123,D1504
-2510295281921314538,D1510
-2564547595115828915,D1302
-2580383821470965200,D1302
-2586285938121674165,D1503
-2612466489252613305,D1510
-2625270478465543211,D1510
-2636890422786087561,D1504
-2676413549676765189,D1503
-2753445442025618256,D1503
-2755462266660415265,D1510
-2777451166183231248,D1302
-2798709590707402780,D1503
-2799699943076856329,D1302
-2866215394509035568,D1302
-2894634943200938197,D1510
-2899244018400546334,D1503
-2937544646656042230,D1504
-2945548943535634419,D1510
-2977173849132793619,D1510
-2980155239885695624,D1504
-2982960451526231344,D1503
-3008979111928425640,D1503
-3039027675929632176,D1503
-3076175996773410451,D1503
-3098123699894051912,D1504
-3139829730975914378,D1503
-3168422041626230088,D1503
-3179500059018048785,D1503
-3206204770193347665,D1510
-3251760102214484967,D1503
-3259412088681254496,D1510
-3263562023498464868,D1504
-3313215494316054923,D1503
-3385377213686012020,D1504
-3408209290508723128,D1504
-3434708514737401463,D1510
-3435034789142805250,D1302
-3463058924047027160,D1504
-3464635392901566558,D1510
-3481662325797729927,D1302
-3502142102195666911,D1510
-3530122019326007301,D1510
-3550820982044019970,D1510
-3561382468504260860,D1510
-3616100015885659310,D1503
-3639207939578120270,D1504
-3717636073101501178,D1302
-3719749366733928939,D1504
-3747847642027907155,D1302
-3778543393774227372,D1504
-3790082261656689357,D1302
-3798663619345169052,D1302
-3801962758585215124,D1510
-3861409825664812972,D1504
-3887838047586544863,D1503
-3938799632301953386,D1504
-398571550456061239,D1302
-406162587243514733,D1510
-4102184075965760956,D1503
-4137568731332004879,D1503
-4142021932003575276,D1510
-4212329185630443410,D1510
-4231097741001114439,D1302
-4292188135578379655,D1503
-4311956795897635616,D1503
-4354662066298194875,D1504
-435940557249216872,D1503
-4400863212779158385,D1503
-448645908940595184,D1510
-4508389877915286409,D1503
-4597237953107570473,D1503
-4639006657623664564,D1504
-4643339910927417608,D1504
-4839365191700266421,D1504
-4883758422132255993,D1503
-4998800484752361999,D1510
-5015699340310297313,D1504
-5035458843969206210,D1503
-5060336903691955929,D1503
-5072957491581099819,D1302
-508894929858672014,D1510
-5183523412534255656,D1503
-5204282180862554594,D1504
-5223530977266495873,D1503
-522691030601034968,D1302
-5273820010260207071,D1302
-5298084986515262787,D1510
-5313940096784931232,D1302
-5327818916604061123,D1504
-5363801881825976944,D1504
-5365372578353363057,D1504
-541245051901604761,D1510
-542208464508235016,D1503
-542601880533751835,D1302
-5479939406336317040,D1504
-5491001447665774395,D1510
-552316293031447161,D1302
-5600566201287192216,D1504
-5639030008175376653,D1510
-5642852042363457328,D1302
-5643194130126583720,D1503
-5655810219001381069,D1504
-5678870183520579271,D1503
-5703300946017956091,D1302
-5712945665372012189,D1510
-576642017970450750,D1504
-577663098447414439,D1302
-5798304335552005008,D1503
-5808298028852868885,D1504
-581102262055437130,D1510
-58197916887771036,D1510
-588026883781428716,D1302
-5880988383577510020,D1302
-5904039918633089593,D1503
-5922805014560372117,D1510
-6010128909087390673,D1302
-6023700419236989570,D1503
-6029524076537675855,D1504
-6123781315896955162,D1503
-6127684638661805677,D1503
-6143218742049342840,D1503
-6151826815162067401,D1503
-6158270190411071710,D1302
-6201253923044594895,D1504
-6216326968205799886,D1510
-6221645707405330335,D1504
-6234533515843800738,D1503
-6239244181220085138,D1510
-6381528100339268414,D1503
-6418632647847125902,D1504
-6468601690578856933,D1503
-653551487618048415,D1504
-656054144797839027,D1504
-6565220024845665610,D1503
-667183641392979027,D1510
-6717513935327729178,D1302
-6722396516078937403,D1510
-6736737604836261107,D1504
-6771390664865927486,D1503
-6794683039720220384,D1302
-679973179716211776,D1302
-6826788808219296452,D1504
-6847634409934512584,D1503
-6878755810392965299,D1504
-6880597412906983711,D1503
-69102614549619676,D1504
-6921114214116180119,D1504
-692656047801655406,D1510
-6970012852150496904,D1503
-6970902532615752024,D1503
-7023633520400543145,D1302
-7037272084459963156,D1510
-705256072187946749,D1510
-7068011160403982161,D1510
-7070893524888700033,D1504
-7115962863612748789,D1504
-7133178797259131142,D1503
-7133233590792248225,D1302
-7151841185658342900,D1503
-7158911580663194523,D1510
-7170961475431967416,D1503
-7181552912106534187,D1504
-7200489705137543052,D1302
-7245558764994417176,D1510
-727602017089771418,D1302
-7323093641597998388,D1510
-7330614541466677704,D1504
-7334841523405781747,D1302
-7346518239491372927,D1504
-7346602851211916455,D1503
-7370607426302652791,D1504
-7383049347690459388,D1504
-7394151536918319027,D1302
-7396821534299362593,D1302
-7448033388085773710,D1503
-7454875700086228214,D1504
-7469129162971139930,D1504
-7513046924513791967,D1503
-7522018445734830820,D1510
-7532153604864632408,D1510
-7542713144344146140,D1510
-7567568465795877292,D1510
-7582025291688978815,D1510
-7591818958653422213,D1504
-7598199526089879185,D1503
-7602138192770562836,D1302
-7617527649274370781,D1510
-7641140974861151445,D1504
-7641490919896398997,D1302
-7699828875382155006,D1302
-7715082040483202391,D1302
-7727931318339508269,D1504
-7742453034342776311,D1302
-7747011550856541344,D1510
-7856033923368660265,D1510
-7877209510287285801,D1510
-792251420406703254,D1302
-7959039882009650488,D1503
-8010448738468922957,D1503
-8011810612709339137,D1302
-8024603518111866647,D1302
-8031533620538177667,D1503
-8082081767045877750,D1504
-814831721145419884,D1503
-8153016018978252372,D1302
-8156967797843814478,D1510
-8215257329104756921,D1302
-8297912075276204532,D1504
-8353427203670846407,D1302
-842310064850982474,D1504
-8423344532916779592,D1302
-8434378486958374952,D1504
-8440541251743409021,D1302
-8460471160505836726,D1302
-8472362416096681885,D1504
-8553337877139982912,D1510
-8554045324018014519,D1302
-8617427596555560586,D1504
-867876924644479294,D1302
-8691277298899499945,D1302
-8772960599495294467,D1504
-8794357878248142476,D1503
-8806354146210887557,D1302
-8837691573139999177,D1510
-887328875465475050,D1510
-8882627355491726618,D1510
-8959109931495035675,D1510
-8959511758671328594,D1503
-8992758930825098801,D1504
-902734128269598880,D1503
-9077144643405600537,D1302
-9104587815641394941,D1510
-9114432813294007250,D1504
-9133914968804662346,D1504
-918728781711122973,D1504
-9192225384039758718,D1504
-9198646720275872268,D1302
-9204023942367876441,D1504
-9206719452977606959,D1504
-9217793572719750720,D1302
-9221686326578574143,D1504
-927278559343104144,D1503
-973925141028788192,D1503
-974204729507676026,D1510
-985752620903610011,D1504
-999755134771423240,D1504
101726788095015694,D1503
1092760677467966552,D1510
1103849073320876151,D1510
111638454048219921,D1302
1139413802419133555,D1503
1145811695155759241,D1302
1167028957305750720,D1504
1181856937046810872,D1510
1223040935273148013,D1510
1240628094410125501,D1503
1311124313714538458,D1504
1344703470527590054,D1302
1387849112486650275,D1503
1430991047379897450,D1510
1456872574363329001,D1503
1460143102650899210,D1510
1495401552266740580,D1510
1504709979620929698,D1503
150556199321952341,D1302
156073791983582195,D1510
1572511970411285924,D1302
1575826877239337794,D1510
1593737062004085213,D1510
1599875613377327103,D1504
1637139962961324820,D1302
1676345775935347066,D1504
1678184980194356695,D1504
1683990378292653544,D1504
1725540538171719878,D1510
1728916671339543211,D1302
1742089346918978042,D1503
1787393784707758636,D1504
1907247722986434782,D1504
1976150959223728093,D1503
1991474195771287423,D1510
1994513702136166171,D1302
1999301478042067826,D1510
2033858824246162970,D1302
2068049538959155610,D1504
2104037121749547595,D1302
2142395576538874324,D1504
2147340143211279173,D1503
2156141571147304130,D1503
2174879826791506932,D1510
2194699935668262922,D1510
2235460814548854402,D1503
2253055126736075325,D1503
225980565470557406,D1504
2266788527610575533,D1510
23025853578658990,D1504
2344505634912449730,D1510
2347724433875229527,D1503
2348956317629071127,D1503
2381589641058482385,D1503
2420546588968264478,D1503
2430536380515631215,D1503
2437690937437439506,D1302
244885963465349324,D1302
2463496096327204777,D1504
2467741219533024799,D1302
2469103581176223537,D1503
2507169851210217033,D1503
2547567543519045145,D1504
2558015046769595150,D1504
2564964161681926170,D1504
2592419698895196432,D1503
2653593397737586021,D1302
2671064769512591438,D1504
2699232382094240112,D1302
2765026612709010331,D1503
2802310447621065270,D1504
2849458808897385756,D1510
287942500883246761,D1504
289127412220923453,D1503
2896817408418369418,D1302
2909804455539946559,D1510
293325560135352450,D1503
2951001246629898592,D1302
3023325580472283336,D1302
3085172237276373937,D1504
3095297666000763492,D1510
3111384372888614389,D1503
3113547516060282496,D1510
3187833755813388423,D1504
3207485825263158672,D1302
321047148882880810,D1503
3336804393077850236,D1504
3345698854882911946,D1503
3386201107299334172,D1504
3499262490158207045,D1510
3523875687951074898,D1302
3563363106636720379,D1510
3581683458015455884,D1510
3619191828866326561,D1510
3644201594904981008,D1503
3657295336902200075,D1302
3672153011514121763,D1503
3676125171712433388,D1503
3681395891071259435,D1302
3744503242196588260,D1302
3752238697160826217,D1302
3933716995372330129,D1504
4042046178805249444,D1302
4070489548731503282,D1302
407535179530928897,D1504
4080342433594704666,D1503
4208909817500342502,D1503
4247842021583630685,D1503
4266477977179359373,D1503
4266782571406647485,D1503
4269844717083633184,D1503
4294879381826955525,D1503
4325311399336566114,D1302
4342918892409982163,D1503
4360880739752411190,D1510
4389121169657167598,D1504
4399193636230145450,D1504
4443394042156808943,D1504
4447486504421673403,D1503
446922803352059804,D1302
4625464311532229415,D1503
4629924355160373332,D1302
4666802016917297394,D1504
4674927313043766954,D1504
4692435932539327935,D1510
4695311539134732706,D1302
471512909130783947,D1302
4725839869357060093,D1503
473586204337855889,D1504
474804081105097514,D1503
4757447670022650232,D1510
4780208681453259688,D1503
4795100832748032364,D1503
4797028864500158440,D1503
4822578065267642519,D1302
4837396562470399888,D1510
4891843851849479903,D1503
4939208217839604881,D1510
4960051658663555704,D1302
4977801401524271364,D1504
5015394351005044926,D1504
502866440755032265,D1302
5046752389143192530,D1302
5109513069034265047,D1503
5172875420453035662,D1503
5211328178526759487,D1510
5225837268471216823,D1504
5236660884858155517,D1503
5259771655108131851,D1302
5297256034513128754,D1503
5301949487027420539,D1302
5312814422968098224,D1510
5344151234444909161,D1504
5378402945437323195,D1510
5442288005830921856,D1504
5460944070064964457,D1504
5482689729957513105,D1503
5537071104922148624,D1510
5558171445380938257,D1503
5580983972602515384,D1302
5601130563456599840,D1302
5608816996320556638,D1302
5617001678706973304,D1510
5721267083790547830,D1510
5794158168579332307,D1503
5802656863570970415,D1504
5811583521474151494,D1503
5823705830352320600,D1504
5857360682475987357,D1504
5891605375260801666,D1504
5894709139881910503,D1302
5935141967115621685,D1510
5979247267631428506,D1302
5981982349624658869,D1503
6038300343745122511,D1510
6091428297846763225,D1504
6158318734585765591,D1510
615836368494946762,D1302
6161952830557053965,D1503
6168000016420178769,D1510
6174434193058607557,D1504
6190372189677489476,D1504
6238218283552680254,D1510
6251670658465568054,D1504
6317945153210254948,D1302
6407255680923630101,D1302
65216797293756526,D1510
6568809966876180635,D1302
6624621904633320562,D1504
6668671104371508107,D1302
6673062658895685221,D1302
6674532529680291892,D1504
6686100770862808245,D1503
6701585590499647563,D1510
6748093212018488331,D1510
6872412257153359808,D1510
6885609231126469045,D1503
6962750260437534606,D1503
6971856477424991739,D1504
700087906149770428,D1302
7034382364323001918,D1504
7071330406509752613,D1302
7139378017123187271,D1302
717959685132357696,D1510
7186241511538241192,D1302
72282761004519690,D1504
7272679827111098574,D1504
7288049712173441611,D1504
7316413357949225237,D1503
7333803722915167427,D1510
7368263870136600960,D1510
7389913517078094406,D1504
7514026004976200197,D1504
7592452333547915167,D1302
7664356953352177844,D1503
7714914303936870474,D1302
7776852686553536719,D1503
778797776513782977,D1504
7794229254562347273,D1510
783843347183325087,D1302
7847597210793340427,D1510
7851144573640155934,D1302
7887637815289535008,D1302
7896098143609587441,D1503
791748432391097616,D1503
7951512103097519009,D1510
7958983611417595379,D1510
7975250354630739692,D1504
7990289609995589089,D1503
8134479218494192514,D1302
818106985391469307,D1302
8188951663619110525,D1503
8267751278487837933,D1504
8323216796308352774,D1503
8343390983199112214,D1302
8408725804727063414,D1504
8447362718033969591,D1503
8455876707822202366,D1510
8473497444177320099,D1504
8501399431759497719,D1302
8508628854292452757,D1302
8516185007613725305,D1504
8526537045878357348,D1504
8561532204485136398,D1503
8591169279423886506,D1510
860287307306746556,D1510
8638898668632595899,D1503
8660303414968950295,D1504
8664508764655322234,D1510
866631506282114566,D1510
8697110939393057616,D1302
8721014678269441209,D1302
873918476778556010,D1503
8739589457940482764,D1503
8780345216618147751,D1510
882640372166849608,D1503
8925933928099822482,D1302
8926709614755022250,D1302
8947229836140826130,D1302
8954047681225478684,D1510
8966623410526164500,D1503
8984221557380134763,D1503
9067818414264075897,D1302
9108364524868370014,D1302
9122174493760582530,D1510
9185673839811333104,D1504
9193499850523526033,D1510
9197950300003793596,D1510
939004655382214028,D1302
971651849146838112,D1302
989196303743648800,D1510
